Agoura Hills,34.1544588,-118.7894643,100
Alameda,37.7671857,-122.2424692,100
Alameda,37.777526,-122.277426,100
Alamo,37.8562233,-122.029954,100
Albany,37.890742,-122.285773,100
Alhambra,34.0874961,-118.1346169,100
Alhambra,34.1048248,-118.1341645,100
Alhambra,34.080498,-118.122697,100
Alhambra,34.0919456,-118.14256,100
Alhambra,34.0680924,-118.1496024,100
Alhambra,34.09137,-118.119664,100
Alhambra,34.087596,-118.152276,100
Alta Loma,34.121827,-117.59881,100
American Canyon,38.16532249999999,-122.2483356,100
American Canyon,38.1791287,-122.2553393,100
Anaheim,33.847546,-117.924261,100
Anaheim,33.8037793,-117.90705320000001,100
Anaheim,33.8328464,-117.9595212,100
Anaheim,33.8184707,-117.9087199,100
Anaheim,33.8176106,-117.9408597,100
Anaheim,33.8341083,-117.9009792,100
Anaheim,33.8035112,-117.9409286,100
Anaheim,33.8651924,-117.8630427,100
Anaheim,33.8181041,-117.8865611,100
Anaheim,33.8172699,-117.9583817,100
Anaheim,33.8472497,-117.8864337,100
Anaheim,33.8289249,-117.9754549,100
Anaheim,33.818012,-117.96881,100
Anaheim,33.8467904,-117.8796324,100
Anaheim,33.83677410000001,-117.872074,100
Anaheim,33.8174882,-117.984568,100
Anaheim,33.831928,-117.9938049,100
Anaheim,33.82171840000001,-118.010835,100
Anaheim,33.8255602,-117.9588328,100
Anaheim,33.8035325,-117.9157105,100
Anaheim,33.8426511,-117.9416292,100
Anaheim,33.8469582,-117.9061416,100
Anderson,40.467084,-122.295421,100
Antelope,38.7092248,-121.3304076,100
Antioch,38.0043949,-121.7871997,100
Antioch,37.9980685,-121.8382422,100
Antioch,37.9944293,-121.785213,100
Antioch,37.9973389,-121.821996,100
Antioch,38.005546,-121.754787,100
Antioch,37.984909,-121.803958,100
Antioch,37.982477,-121.765363,100
Antioch,37.962452,-121.760492,100
Apple Valley,34.5395517,-117.2717715,100
Apple Valley,34.47201560000001,-117.1898507,100
Arcadia,34.1286178,-118.055048,100
Arcadia,34.1292445,-118.0307235,100
Arcadia,34.1079769,-118.0240935,100
Arleta,34.2416138,-118.4261086,100
Arleta,34.2328805,-118.4380076,100
Arroyo Grande,35.1062,-120.600836,100
Arroyo Grande,35.1189506,-120.5909287,100
Artesia,33.8727196,-118.0721705,100
Arvin,35.209404,-118.841704,100
Atascadero,35.5259273,-120.6998253,100
Atascadero,35.47704,-120.6563024,100
Auburn,38.89078300000001,-121.075912,100
Auburn,38.9080303,-121.0734449,100
Azusa,34.1339493,-117.902693,100
Azusa,34.1138521,-117.8897121,100
Azusa,34.1456666,-117.9073932,100
Azusa,34.1301592,-117.8960004,100
Azusa,34.1074985,-117.9169216,100
Bakersfield,35.383982,-119.145896,100
Bakersfield,35.3103897,-119.0276521,100
Bakersfield,35.3644957,-119.0290673,100
Bakersfield,35.31807209999999,-119.0035986,100
Bakersfield,35.39723,-118.985493,100
Bakersfield,35.4090348,-119.0207158,100
Bakersfield,35.3537135,-119.0437106,100
Bakersfield,35.318142,-119.047351,100
Bakersfield,35.3974666,-119.1106988,100
Bakersfield,35.3318891,-119.0553866,100
Bakersfield,35.411857,-119.058448,100
Bakersfield,35.3972064,-119.0077812,100
Bakersfield,35.353824,-119.0602618,100
Bakersfield,35.3538867,-118.9315099,100
Bakersfield,35.3693304,-119.1095509,100
Baldwin Park,34.0673154,-117.9920759,100
Baldwin Park,34.0798126,-117.9523615,100
Baldwin Park,34.092758,-117.960136,100
Bell Gardens,33.9667347,-118.1572369,100
Bell Gardens,33.9636793,-118.1659955,100
Bell,33.9693171,-118.1784586,100
Bell,33.970606599999996,-118.1875955,100
Bellflower,33.8725485,-118.1109266,100
Bellflower,33.9015805,-118.1249149,100
Bellflower,33.8818238,-118.1420927,100
Bellflower,33.87236499999999,-118.124576,100
Belmont,37.5263915,-122.2835379,100
Benicia,38.05054,-122.146677,100
Berkeley,37.870726,-122.281596,100
Berkeley,37.86299,-122.2583756,100
Berkeley,37.8588201,-122.2528181,100
Big Bear City,34.242977,-116.887908,100
Big Bear Lake,34.2439029,-116.8979265,100
Bloomington,34.0634894,-117.3969156,100
Bloomington,34.0372901,-117.3675172,100
Bonita,32.6716704,-117.020078,100
Brawley,32.9781751,-115.5433042,100
Brawley,32.9735347,-115.5412945,100
Brea,33.9252897,-117.896503,100
Brea,33.917028,-117.915258,100
Brea,33.9321054,-117.899008,100
Brea,33.908795,-117.851682,100
Brentwood,37.959135,-121.695423,100
Buena Park,33.810151,-118.027649,100
Buena Park,33.8595714,-117.9807261,100
Burbank,34.167715,-118.322948,100
Burbank,34.154517,-118.340149,100
Burbank,34.185222,-118.348562,100
Burbank,34.1787492,-118.3380503,100
Burbank,34.1740759,-118.3159014,100
Burbank,34.20544100000001,-118.339614,100
Burbank,34.1755136,-118.3490128,100
Burbank,34.1871354,-118.3110735,100
Burbank,34.1612951,-118.3434045,100
Burlingame,37.5870727,-122.3559214,100
Calabasas,34.1465517,-118.6984279,100
Calexico,32.679814,-115.483043,100
Calexico,32.665934,-115.496645,100
Calexico,32.6933674,-115.4975233,100
Calexico,32.6762369,-115.4986776,100
Calimesa,34.0042845,-117.0477657,100
Camarillo,34.2188483,-119.0513301,100
Campbell,37.2829534,-121.9323496,100
Campbell,37.2800532,-121.9497981,100
Campbell,37.2718724,-121.9548462,100
Campbell,37.2667984,-121.9410185,100
Canoga Park,34.2088589,-118.571589,100
Canoga Park,34.2204214,-118.5805264,100
Canoga Park,34.193384,-118.587462,100
Canoga Park,34.2014146,-118.5958031,100
Canoga Park,34.21972969999999,-118.6005801,100
Canoga Park,34.2012271,-118.610848,100
Canoga Park,34.2086101,-118.6239974,100
Canyon Country,34.416432,-118.4717,100
Canyon Country,34.4160285,-118.4559805,100
Cardiff By The Sea,33.019262,-117.2811384,100
Carlsbad,33.1625567,-117.3426681,100
Carlsbad,33.1566912,-117.3502563,100
Carlsbad,33.136028,-117.287423,100
Carlsbad,33.121631,-117.318757,100
Carmichael,38.6176761,-121.3453274,100
Carnelian Bay,39.2268339,-120.0823,100
Carpinteria,34.4051912,-119.529598,100
Carson,33.867843,-118.2659848,100
Carson,33.8245817,-118.2641916,100
Carson,33.8187757,-118.2859875,100
Castaic,34.496519,-118.621916,100
Castro Valley,37.6838332,-122.0736751,100
Cathedral City,33.8163107,-116.4840565,100
Cathedral City,33.7848894,-116.4758141,100
Cathedral City,33.8014587,-116.467052,100
Ceres,37.579469,-120.9380473,100
Chatsworth,34.2499951,-118.5877726,100
Chatsworth,34.2572438,-118.605255,100
Chatsworth,34.2494264,-118.5793542,100
Chico,39.7311822,-121.8405493,100
Chico,39.761252999999996,-121.834311,100
Chico,39.73922270000001,-121.8039842,100
Chico,39.7229495,-121.8490201,100
Chino Hills,33.9717922,-117.6883273,100
Chino Hills,33.9826294,-117.7154687,100
Chino,34.0288052,-117.6664849,100
Chino,34.0185384,-117.7058857,100
Chino,34.0408074,-117.689802,100
Chino,34.0195695,-117.6808952,100
Chula Vista,32.6105696,-117.0809759,100
Chula Vista,32.6140891,-117.068909,100
Chula Vista,32.605633,-117.039125,100
Chula Vista,32.6003829,-117.0520495,100
Chula Vista,32.64548690000001,-117.0801403,100
Chula Vista,32.6382925,-117.0918901,100
Chula Vista,32.6307524,-117.0750716,100
Chula Vista,32.633118,-117.08081,100
Chula Vista,32.63769,-117.078165,100
Chula Vista,32.6290836,-117.0459369,100
Chula Vista,32.5943437,-117.0403926,100
Chula Vista,32.604285,-117.083621,100
Chula Vista,32.629586,-117.09314,100
Chula Vista,32.617291,-117.05734,100
Chula Vista,32.6208014,-117.085576,100
Chula Vista,32.6210732,-117.0714847,100
Chula Vista,32.6350057,-117.09072,100
Chula Vista,32.6422958,-116.9932543,100
Citrus Heights,38.675795,-121.2930004,100
Citrus Heights,38.6783317,-121.3206506,100
Citrus Heights,38.707735,-121.314982,100
Citrus Heights,38.6878052,-121.308332,100
Citrus Heights,38.6917733,-121.2715384,100
Citrus Heights,38.677943,-121.285102,100
City Of Industry,34.0090091,-117.9555595,100
Cloverdale,38.7838629,-123.011472,100
Clovis,36.8159853,-119.7002719,100
Clovis,36.8008066,-119.7178838,100
Coachella,33.6757654,-116.1812908,100
Colton,34.0516118,-117.3097455,100
Colton,34.0839609,-117.3138627,100
Colton,34.0657046,-117.3129499,100
Commerce,34.000344,-118.160691,100
Commerce,33.9818659,-118.1414,100
Compton,33.881535,-118.204519,100
Compton,33.9029977,-118.2564897,100
Compton,33.9038854,-118.1943597,100
Compton,33.888782,-118.237409,100
Concord,37.9376237,-122.0434585,100
Concord,37.953846,-122.0431076,100
Concord,37.9827821,-122.0157698,100
Concord,37.995316,-122.0324426,100
Concord,37.9682983,-122.0325202,100
Concord,37.9782646,-121.9939511,100
Concord,37.9626644,-121.9864709,100
Corning,39.927614,-122.185192,100
Corona,33.8782718,-117.5983052,100
Corona,33.9613019,-117.5588379,100
Corona,33.875934,-117.5743676,100
Corona,33.8724333,-117.5588997,100
Costa Mesa,33.6797496,-117.9033044,100
Costa Mesa,33.6736311,-117.9214622,100
Costa Mesa,33.627942,-117.909974,100
Costa Mesa,33.6657569,-117.8823463,100
Costa Mesa,33.6357686,-117.9179674,100
Costa Mesa,33.6521159,-117.9316616,100
Costa Mesa,33.6559233,-117.9071451,100
Costa Mesa,33.6701775,-117.9197506,100
Costa Mesa,33.6802737,-117.886162,100
Costa Mesa,33.6819774,-117.8844535,100
Covina,34.0869142,-117.9259673,100
Covina,34.0992114,-117.8728129,100
Covina,34.0990988,-117.8906409,100
Covina,34.08882,-117.916208,100
Covina,34.0894145,-117.9345494,100
Covina,34.0954397,-117.9158592,100
Covina,34.10660379999999,-117.863336,100
Covina,34.0784966,-117.8821686,100
Crestline,34.2439264,-117.2765662,100
Culver City,34.0201767,-118.4033746,100
Culver City,34.0115297,-118.4109711,100
Culver City,34.0048081,-118.4147233,100
Culver City,33.9932638,-118.3957816,100
Culver City,34.0321829,-118.3745328,100
Cupertino,37.3371565,-122.0450195,100
Cupertino,37.3152203,-122.050072,100
Cupertino,37.3229368,-122.0028732,100
Cypress,33.831304,-118.054213,100
Daly City,37.68958689999999,-122.4615089,100
Daly City,37.639625,-122.446292,100
Daly City,37.7050849,-122.407217,100
Daly City,37.6929808,-122.4742165,100
Davis,38.54921,-121.735087,100
Del Mar,32.949127,-117.2470498,100
Del Mar,32.949451,-117.247042,100
Del Rey Oaks,36.5814647,-121.8283209,100
Delhi,37.426778,-120.773554,100
Desert Hot Springs,33.96112,-116.510443,100
Desert Hot Springs,33.96907789999999,-116.5010095,100
Diamond Bar,33.9977332,-117.8131568,100
Diamond Bar,34.0294291,-117.8096703,100
Dixon,38.4558417,-121.8231299,100
Downey,33.9325221,-118.1387761,100
Downey,33.9592425,-118.1404842,100
Downey,33.9320558,-118.1386884,100
Duarte,34.1370569,-117.9862595,100
Duarte,34.1394546,-117.9661804,100
Duarte,34.1393251,-117.9465127,100
Dublin,37.7094692,-121.9388878,100
Dublin,37.718877,-121.91067,100
Dublin,37.70581689999999,-121.9222574,100
Eagle Rock,34.1390349,-118.2089479,100
Eagle Rock,34.121809,-118.224318,100
East Los Angeles,34.0296542,-118.148931,100
East Los Angeles,34.0111958,-118.1312409,100
East Palo Alto,37.4572999,-122.136903,100
Eastvale,33.9605063,-117.5925255,100
El Cajon,32.787368,-116.97453,100
El Cajon,32.788111,-116.9627063,100
El Cajon,32.787989,-116.944292,100
El Cajon,32.7946076,-116.9792483,100
El Cajon,32.813145,-116.936057,100
El Cajon,32.8439629,-116.880794,100
El Cajon,32.7694751,-116.9284542,100
El Cajon,32.8194457,-116.9596127,100
El Cajon,32.8132674,-116.9209103,100
El Cajon,32.8033092,-116.9952194,100
El Cajon,32.745368,-116.927615,100
El Cajon,32.7923199,-116.9327151,100
El Cajon,32.8004004,-116.9662024,100
El Cajon,32.780106,-116.958303,100
El Cajon,32.780724,-116.966293,100
El Cajon,32.795236,-116.956964,100
El Cajon,32.7872711,-116.9275261,100
El Cajon,32.819112,-116.9514683,100
El Cajon,32.8073024,-116.9513964,100
El Centro,32.776803,-115.569122,100
El Centro,32.7756186,-115.5528289,100
El Centro,32.7707529,-115.5526921,100
El Centro,32.7927981,-115.5359047,100
El Centro,32.7964013,-115.5616892,100
El Cerrito,37.9102604,-122.299498,100
El Monte,34.078443,-118.0526125,100
El Monte,34.0931767,-118.0350687,100
El Monte,34.075573,-118.008123,100
El Monte,34.0673284,-118.0428235,100
El Monte,34.0785582,-118.0208801,100
El Monte,34.0518139,-118.05562,100
El Segundo,33.9308155,-118.4159933,100
El Segundo,33.9240383,-118.3966661,100
Emeryville,37.8311341,-122.2798135,100
Encinitas,33.0649946,-117.3016042,100
Encinitas,33.0459784,-117.293942,100
Encinitas,33.0458595,-117.2577656,100
Encinitas,33.0793614,-117.3075736,100
Encinitas,33.0533889,-117.2461394,100
Encinitas,33.0379988,-117.2389307,100
Encinitas,33.0365259,-117.2796632,100
Encino,34.1717863,-118.5193098,100
Encino,34.1641559,-118.5217033,100
Escondido,33.1342296,-117.0864802,100
Escondido,33.147399,-117.107337,100
Escondido,33.1341838,-117.086807,100
Escondido,33.1135584,-117.1019225,100
Escondido,33.130714,-117.058291,100
Escondido,33.10464,-117.0725856,100
Escondido,33.1473641,-117.1105078,100
Escondido,33.1309292,-117.0836124,100
Escondido,33.122622,-117.078798,100
Escondido,33.124624,-117.090223,100
Escondido,33.1117149,-117.082582,100
Escondido,33.1582525,-117.1000403,100
Escondido,33.1441289,-117.0560696,100
Escondido,33.126919,-117.097278,100
Fair Oaks,38.663914,-121.243808,100
Fairfax,37.985005,-122.591166,100
Fairfax,37.9933858,-122.5941021,100
Fairfield,38.2655185,-122.049212,100
Fairfield,38.2498407,-122.0528809,100
Fairfield,38.258006,-122.0221459,100
Fairfield,38.26580999999999,-122.03221,100
Fairfield,38.2205054,-122.1265134,100
Fallbrook,33.376848,-117.251754,100
Fillmore,34.3961028,-118.9230003,100
Folsom,38.70668149999999,-121.1702724,100
Fontana,34.0554466,-117.4356359,100
Fontana,34.149894,-117.4732522,100
Fontana,34.099645,-117.454029,100
Fontana,34.0630345,-117.4538598,100
Fontana,34.098942,-117.439489,100
Fontana,34.084523,-117.4350252,100
Fontana,34.1382593,-117.4327434,100
Fontana,34.0990463,-117.4266653,100
Fontana,34.107082,-117.418077,100
Fontana,34.0991156,-117.4100816,100
Fontana,34.118255,-117.489869,100
Fountain Valley,33.69375,-117.9533808,100
Fountain Valley,33.709438,-117.944882,100
Fountain Valley,33.7158232,-117.9378755,100
Fountain Valley,33.7241811,-117.9204404,100
Fountain Valley,33.7164646,-117.9637038,100
Fremont,37.477526,-121.921603,100
Fremont,37.5330478,-121.9210019,100
Fremont,37.5701873,-122.0322985,100
Fremont,37.5762905,-121.9716704,100
Fremont,37.5190252,-121.9541546,100
Fremont,37.5453,-121.980922,100
Fremont,37.5261118,-121.9861659,100
Fremont,37.5349045,-121.9617561,100
Fremont,37.522152,-121.968533,100
Fremont,37.5548714,-122.005698,100
Fremont,37.4811716,-121.9461849,100
Fremont,37.491441,-121.926294,100
Fremont,37.5342176,-122.0009583,100
Fresno,36.764579499999996,-119.8081592,100
Fresno,36.7940985,-119.7919184,100
Fresno,36.8086787,-119.8259378,100
Fresno,36.808083,-119.7455916,100
Fresno,36.714459,-119.736144,100
Fresno,36.772409,-119.817274,100
Fresno,36.7650837,-119.7810158,100
Fresno,36.7385382,-119.7834904,100
Fresno,36.7936497,-119.8444155,100
Fresno,36.8080878,-119.7990569,100
Fresno,36.8234768,-119.7808781,100
Fresno,36.7940133,-119.8675067,100
Fresno,36.749775,-119.700769,100
Fresno,36.806967,-119.754713,100
Fresno,36.792881,-119.698591,100
Fresno,36.8222744,-119.8078156,100
Fresno,36.7364279,-119.6817888,100
Fresno,36.8232395,-119.790651,100
Fresno,36.8365902,-119.8798439,100
Fresno,36.842927,-119.790111,100
Fullerton,33.8588381,-117.9424338,100
Fullerton,33.8744352,-117.9041505,100
Fullerton,33.8871536,-117.8755644,100
Fullerton,33.8700498,-117.9673462,100
Fullerton,33.902885,-117.907212,100
Fullerton,33.8665098,-117.9593945,100
Fullerton,33.9100977,-117.8807741,100
Galt,38.253428,-121.294413,100
Garden Grove,33.8026367,-117.9592674,100
Garden Grove,33.7812438,-117.9142759,100
Garden Grove,33.7774289,-117.9567803,100
Garden Grove,33.7744302,-117.9452321,100
Garden Grove,33.7882271,-117.9060694,100
Garden Grove,33.7675515,-117.9372791,100
Garden Grove,33.766822,-117.903361,100
Garden Grove,33.788756,-117.984499,100
Garden Grove,33.7881248,-117.9757544,100
Gardena,33.8927834,-118.2957404,100
Gardena,33.902242,-118.309764,100
Gardena,33.8793208,-118.2917873,100
Gardena,33.8942553,-118.3181741,100
Gardena,33.902242,-118.291236,100
Gilroy,36.999591,-121.567045,100
Gilroy,37.02074,-121.569709,100
Gilroy,37.0138527,-121.5815,100
Glendale,34.1332359,-118.2522066,100
Glendale,34.146538,-118.240308,100
Glendale,34.17682610000001,-118.2967553,100
Glendale,34.1411184,-118.2499569,100
Glendale,34.1466536,-118.2503791,100
Glendale,34.1421478,-118.2646337,100
Glendale,34.1737,-118.2989036,100
Glendale,34.1612009,-118.2743242,100
Glendora,34.113606,-117.872192,100
Glendora,34.1287855,-117.8805329,100
Goleta,34.4361645,-119.8269207,100
Goleta,34.433282,-119.884747,100
Goleta,34.429543,-119.887004,100
Granada Hills,34.2643688,-118.50184899999999,100
Granada Hills,34.2577933,-118.4844131,100
Gridley,39.3636563,-121.687623,100
Grover Beach,35.1207663,-120.6089254,100
Grover Beach,35.12145599999999,-120.626644,100
Hacienda Heights,33.9929262,-117.9695785,100
Half Moon Bay,37.4681349,-122.430833,100
Hanford,36.3279288,-119.6550275,100
Harbor City,33.7820136,-118.298044,100
Hawthorne,33.907739,-118.353109,100
Hawthorne,33.902233,-118.352018,100
Hawthorne,33.9088595,-118.3310903,100
Hawthorne,33.9018835,-118.333071,100
Hawthorne,33.9236135,-118.3617148,100
Hayward,37.6498274,-122.0767461,100
Hayward,37.6332575,-122.0974215,100
Hayward,37.664077,-122.0762353,100
Hayward,37.6493876,-122.0917457,100
Hayward,37.6610011,-122.0844668,100
Hayward,37.6334645,-122.0662407,100
Hayward,37.665613,-122.113592,100
Healdsburg,38.621039,-122.872066,100
Hemet,33.7479946,-116.9581339,100
Hemet,33.7470388,-117.0062681,100
Hemet,33.7477139,-116.9316849,100
Hermosa Beach,33.85837120000001,-118.3911805,100
Hesperia,34.4264171,-117.3463791,100
Hesperia,34.3796975,-117.3139005,100
Highland,34.1358421,-117.2271862,100
Hollister,36.8466288,-121.4022151,100
Hollywood,34.102056,-118.314989,100
Hollywood,34.097662,-118.343112,100
Holtville,32.811173600000004,-115.3818644,100
Huntington Beach,33.7376533,-118.0074857,100
Huntington Beach,33.715935,-118.007006,100
Huntington Beach,33.7015793,-117.9892538,100
Huntington Beach,33.6865262,-117.9633669,100
Huntington Beach,33.67615000000001,-117.989053,100
Huntington Beach,33.659625,-118.000169,100
Huntington Beach,33.7144513,-118.0223805,100
Huntington Beach,33.729665,-118.023782,100
Huntington Beach,33.7300112,-118.0064298,100
Huntington Beach,33.659418,-118.004529,100
Huntington Beach,33.6649261,-117.9802277,100
Huntington Beach,33.7152433,-117.9809159,100
Huntington Beach,33.650166,-117.961836,100
Huntington Beach,33.6797608,-117.9545589,100
Huntington Park,33.9751658,-118.2306154,100
Huntington Park,33.989206,-118.225789,100
Huntington Park,33.9836699,-118.2249409,100
Imperial Beach,32.576138,-117.1052018,100
Imperial Beach,32.5838072,-117.1056675,100
Imperial Beach,32.5836904,-117.129766,100
Imperial Beach,32.5835623,-117.1188579,100
Indio,33.7291323,-116.2158168,100
Indio,33.7106558,-116.2394318,100
Inglewood,33.9478841,-118.3842087,100
Inglewood,33.960446,-118.375798,100
Inglewood,33.9760203,-118.3598182,100
Inglewood,33.9597168,-118.3259682,100
Inglewood,33.9461184,-118.3296408,100
Inglewood,33.9620125,-118.3614157,100
Inglewood,33.968421,-118.3559108,100
Inglewood,33.9448923,-118.3651209,100
Inglewood,33.9523786,-118.3447479,100
Irvine,33.6973034,-117.7978936,100
Irvine,33.6543592,-117.7387328,100
Irvine,33.6870618,-117.8552061,100
Irvine,33.6695844,-117.788062,100
Irvine,33.66917520000001,-117.7654926,100
Irvine,33.6441029,-117.7441362,100
Isla Vista,34.4111282,-119.8555628,100
Jamul,32.7282563,-116.9091182,100
King City,36.208114,-121.133387,100
La Canada Flintridge,34.204859,-118.200456,100
La Canada Flintridge,34.2096386,-118.2107354,100
La Habra,33.9315789,-117.968315,100
La Habra,33.9323273,-117.9240447,100
La Habra,33.9395136,-117.942037,100
La Habra,33.9176847,-117.9515104,100
La Jolla,32.832809,-117.276642,100
La Mesa,32.7632553,-116.9616321,100
La Mesa,32.77270800000001,-117.04641,100
La Mesa,32.7747418,-117.0265637,100
La Mesa,32.7826733,-117.0335393,100
La Mesa,32.7853512,-116.9970114,100
La Mesa,32.755488,-117.047012,100
La Mesa,32.760881499999996,-117.0330137,100
La Mesa,32.7788338,-117.0180583,100
La Mesa,32.7706306,-117.0082162,100
La Mirada,33.8879047,-118.010774,100
La Mirada,33.9267751,-118.0116953,100
La Palma,33.8582336,-118.0387771,100
La Palma,33.8392952,-118.0454163,100
La Puente,34.0571924,-117.9594094,100
La Puente,34.0383533,-117.9531889,100
La Puente,34.0198077,-117.9483012,100
La Puente,34.045239,-117.9637257,100
La Verne,34.1101234,-117.7580099,100
Lafayette,37.8948962,-122.1051485,100
Laguna Hills,33.621612,-117.732136,100
Laguna Hills,33.5940831,-117.698143,100
Laguna Hills,33.5951858,-117.6808863,100
Laguna Hills,33.5723887,-117.7004318,100
Laguna Niguel,33.5424877,-117.6918624,100
Lake Arrowhead,34.2480671,-117.1897481,100
Lake Elsinore,33.6629895,-117.2978098,100
Lake Forest,33.6636482,-117.6654218,100
Lake Forest,33.647759,-117.6851065,100
Lake Forest,33.6268608,-117.7021491,100
Lake View Terrace,34.2777328,-118.3785675,100
Lakeside,32.8626222,-116.921733,100
Lakeside,32.8611493,-116.946808,100
Lakeside,32.8611199,-116.900617,100
Lakeside,32.86268,-116.942662,100
Lakeside,32.83344900000001,-116.90562,100
Lakewood,33.8458303,-118.0956937,100
Lakewood,33.8315422,-118.0828108,100
Lakewood,33.8325462,-118.1603594,100
Lakewood,33.8541685,-118.1598635,100
Lakewood,33.8604816,-118.1251298,100
Lakewood,33.84656470000001,-118.1167061,100
Lakewood,33.858293,-118.1166275,100
Lakewood,33.847264,-118.10688,100
Lancaster,34.7036609,-118.125701,100
Lancaster,34.6599729,-118.1884214,100
Lancaster,34.6823845,-118.1345971,100
Lancaster,34.733508,-118.1157044,100
Lawndale,33.8984949,-118.3443043,100
Lawndale,33.8872126,-118.3439116,100
Lawndale,33.8741883,-118.3527807,100
Lemon Grove,32.742395,-117.033953,100
Lemon Grove,32.734698,-117.0313991,100
Lemoore,36.3136675,-119.7802912,100
Lemoore,36.298708,-119.807135,100
Lincoln,38.88946170000001,-121.2928079,100
Livermore,37.7177046,-121.723643,100
Livermore,37.6783011,-121.771677,100
Livermore,37.7092453,-121.6988397,100
Livermore,37.69828529999999,-121.7727807,100
Livermore,37.702937,-121.7213763,100
Livermore,37.6994584,-121.8172265,100
Livermore,37.7048967,-121.7412699,100
Lodi,38.1167098,-121.2557712,100
Lomita,33.789473,-118.3115255,100
Lomita,33.800635,-118.31481,100
Lompoc,34.6603114,-120.458203,100
Lompoc,34.6386268,-120.4651912,100
Long Beach,33.7791114,-118.1887824,100
Long Beach,33.7810338,-118.1519961,100
Long Beach,33.7815014,-118.1026016,100
Long Beach,33.7690909,-118.1922195,100
Long Beach,33.7883943,-118.1080725,100
Long Beach,33.7749361,-118.1679723,100
Long Beach,33.8603667,-118.1680803,100
Long Beach,33.76826399999999,-118.176987,100
Long Beach,33.8046333,-118.1932124,100
Long Beach,33.8119529,-118.1941586,100
Long Beach,33.8194573,-118.1889371,100
Long Beach,33.7749565,-118.1457044,100
Long Beach,33.7597554,-118.1457808,100
Long Beach,33.7720364,-118.1853322,100
Long Beach,33.8350173,-118.1889413,100
Long Beach,33.782961,-118.1420021,100
Long Beach,33.841161,-118.1760548,100
Long Beach,33.8471303,-118.1935007,100
Long Beach,33.7840365,-118.1338943,100
Long Beach,33.8546501,-118.1845873,100
Long Beach,33.8661722,-118.1851893,100
Long Beach,33.8741313,-118.1857069,100
Long Beach,33.874326,-118.1683421,100
Long Beach,33.7662287,-118.1829456,100
Los Alamitos,33.8061552,-118.0713748,100
Los Alamitos,33.817987,-118.063812,100
Los Alamitos,33.802627,-118.0572664,100
Los Angeles,34.0560378,-118.3651571,100
Los Angeles,34.040663,-118.437858,100
Los Angeles,34.013417,-118.4171494,100
Los Angeles,34.046744,-118.4483181,100
Los Angeles,34.0342553,-118.4472306,100
Los Angeles,34.0584363,-118.4785872,100
Los Angeles,34.0038604,-118.4341158,100
Los Angeles,34.040158,-118.283843,100
Los Angeles,34.0526444,-118.2683519,100
Los Angeles,34.055283,-118.44132,100
Los Angeles,34.0518732,-118.3765534,100
Los Angeles,34.0826543,-118.2599164,100
Los Angeles,34.0892391,-118.2689266,100
Los Angeles,34.0490581,-118.3857164,100
Los Angeles,34.027082,-118.238742,100
Los Angeles,33.9887238,-118.2407378,100
Los Angeles,34.05010499999999,-118.277009,100
Los Angeles,34.1042621,-118.3297342,100
Los Angeles,34.0400775,-118.3089245,100
Los Angeles,34.0271646,-118.2577194,100
Los Angeles,34.042998,-118.216098,100
Los Angeles,34.0778675,-118.2660213,100
Los Angeles,34.0470794,-118.285131,100
Los Angeles,34.028349,-118.275335,100
Los Angeles,34.0278401,-118.4427002,100
Los Angeles,34.0656522,-118.215038,100
Los Angeles,34.0692376,-118.3029235,100
Los Angeles,34.05617,-118.289311,100
Los Angeles,34.1091827,-118.2707242,100
Los Angeles,34.071568,-118.2825653,100
Los Angeles,34.0303244,-118.4164625,100
Los Angeles,34.0737723,-118.2077664,100
Los Angeles,34.062036,-118.291975,100
Los Angeles,34.0251189,-118.411481,100
Los Angeles,34.0631675,-118.2973084,100
Los Angeles,34.0767312,-118.2860307,100
Los Angeles,34.068618,-118.200234,100
Los Angeles,34.0336039,-118.18495,100
Los Angeles,34.0621128,-118.3138057,100
Los Angeles,34.010627,-118.323629,100
Los Angeles,34.0443757,-118.3266745,100
Los Angeles,34.0764326,-118.3009784,100
Los Angeles,33.9892385,-118.3513214,100
Los Angeles,34.0906283,-118.2862888,100
Los Angeles,34.0175436,-118.345956,100
Los Angeles,34.105196,-118.291353,100
Los Angeles,34.080006,-118.309476,100
Los Angeles,34.09107729999999,-118.2964323,100
Los Angeles,34.04780650000001,-118.3441629,100
Los Angeles,34.046536,-118.256156,100
Los Angeles,34.061837,-118.33868,100
Los Angeles,34.0470857,-118.2516333,100
Los Angeles,34.042993,-118.261128,100
Los Angeles,34.0978907,-118.30011,100
Los Angeles,34.1058069,-118.1994905,100
Los Angeles,33.9928918,-118.2828527,100
Los Angeles,33.9767047,-118.376542,100
Los Angeles,34.0536737,-118.3550565,100
Los Angeles,34.0981064,-118.3117951,100
Los Angeles,34.0219087,-118.3718307,100
Los Angeles,33.9594986,-118.3852312,100
Los Angeles,34.051796,-118.3698297,100
Los Angeles,34.0172734,-118.1408802,100
Los Angeles,34.0706218,-118.3529154,100
Los Angeles,34.097565,-118.335702,100
Los Angeles,34.0908451,-118.3364322,100
Los Angeles,34.00341,-118.286714,100
Los Angeles,34.0838457,-118.350166,100
Los Angeles,34.097763,-118.355215,100
Los Angeles,34.0911126,-118.3553352,100
Los Angeles,34.0487798,-118.259401,100
Los Angeles,34.0590842,-118.3766319,100
Los Angeles,33.9598665,-118.2563795,100
Los Angeles,34.0873769,-118.326231,100
Los Banos,37.0568638,-120.8601751,100
Los Gatos,37.2207447,-121.9750435,100
Los Gatos,37.2355948,-121.9781926,100
Lynwood,33.9342567,-118.1818692,100
Lynwood,33.920733,-118.1871688,100
Lynwood,33.928488,-118.199728,100
Madera,36.974085,-120.05589,100
Manhattan Beach,33.873115,-118.3933048,100
Manteca,37.7970151,-121.2320712,100
Manteca,37.81801919999999,-121.2178355,100
Manteca,37.7978523,-121.2053573,100
Marina Del Rey,33.9902243,-118.4471887,100
Marina,36.694379,-121.801597,100
Marina,36.6832955,-121.8027484,100
Marina,36.6834221,-121.7916417,100
Martinez,38.0118579,-122.1056908,100
Martinez,38.0085283,-122.0952629,100
Martinez,37.9934423,-122.0998286,100
Marysville,39.1447118,-121.5904726,100
Marysville,39.1566484,-121.5772864,100
Marysville,39.10982,-121.555598,100
Maywood,33.987862,-118.185141,100
Menlo Park,37.4557474,-122.1829261,100
Merced,37.3234431,-120.4873715,100
Merced,37.3059838,-120.4914639,100
Merced,37.2808352,-120.4458588,100
Merced,37.3188042,-120.4683734,100
Mill Valley,37.8985431,-122.5376224,100
Mill Valley,37.878904,-122.5332565,100
Mill Valley,37.8977112,-122.5159729,100
Millbrae,37.6020855,-122.3923757,100
Milpitas,37.4524361,-121.9103143,100
Milpitas,37.4283963,-121.9145791,100
Milpitas,37.4183694,-121.871914,100
Milpitas,37.4549436,-121.9164086,100
Milpitas,37.4279215,-121.9098964,100
Milpitas,37.4340032,-121.8841901,100
Milpitas,37.4362701,-121.9107476,100
Mission Hills,34.2642534,-118.4667647,100
Mission Hills,34.271547,-118.471219,100
Mission Viejo,33.6283432,-117.6652174,100
Modesto,37.6592892,-120.9582089,100
Modesto,37.611007,-120.975058,100
Modesto,37.627336,-121.0083562,100
Modesto,37.6511697,-120.9942542,100
Monrovia,34.1508649,-118.0078563,100
Monrovia,34.1313179,-118.0186865,100
Montclair,34.0636093,-117.7066148,100
Montclair,34.0551017,-117.6987968,100
Montclair,34.062328,-117.689188,100
Montclair,34.0773006,-117.6894431,100
Montebello,34.0180711,-118.1101157,100
Montebello,33.9933036,-118.1161379,100
Montebello,33.9988859,-118.1165813,100
Monterey Park,34.04459930000001,-118.1614204,100
Monterey Park,34.0339126,-118.1253072,100
Monterey Park,34.0628947,-118.1172556,100
Monterey,36.5972197,-121.8563025,100
Monterey,36.6161956,-121.9048317,100
Montrose,34.21606939999999,-118.2395607,100
Moorpark,34.2788765,-118.8718696,100
Moraga,37.8547608,-122.1247373,100
Moreno Valley,33.9384842,-117.2269186,100
Moreno Valley,33.902283,-117.2255644,100
Moreno Valley,33.9391383,-117.2609814,100
Moreno Valley,33.9173562,-117.2519847,100
Morgan Hill,37.1277084,-121.6600861,100
Mountain View,37.4158448,-122.07729,100
Mountain View,37.3940422,-122.0964464,100
Mountain View,37.4140304,-122.0896736,100
Mountain View,37.40671040000001,-122.1117131,100
Mountain View,37.3966943,-122.0601779,100
Mountain View,37.3963847,-122.1009097,100
Murrieta,33.6410867,-117.1688458,100
Murrieta,33.5556067,-117.1735596,100
Murrieta,33.5679353,-117.2067247,100
Murrieta,33.5522114,-117.195649,100
Napa,38.2803153,-122.2653379,100
Napa,38.31092,-122.276107,100
Napa,38.327101,-122.312908,100
Napa,38.3212,-122.311297,100
Napa,38.301256,-122.310814,100
Napa,38.308625,-122.2926919,100
National City,32.6897502,-117.0851039,100
National City,32.6862957,-117.1018256,100
National City,32.6715329,-117.095834,100
National City,32.6721928,-117.0870943,100
National City,32.661699,-117.079263,100
National City,32.6639539,-117.093534,100
National City,32.6603761,-117.0731656,100
National City,32.6815721,-117.073306,100
National City,32.6785575,-117.0984919,100
Newark,37.5215616,-121.9978985,100
Newark,37.5399891,-122.0276673,100
Newark,37.529965,-122.037669,100
Newbury Park,34.1763191,-118.9462762,100
Newhall,34.3795752,-118.5427022,100
Newhall,34.3782155,-118.5627391,100
Newport Beach,33.628603,-117.931486,100
Newport Beach,33.6081243,-117.9265654,100
Newport Beach,33.6641518,-117.8642329,100
Norco,33.938754,-117.545202,100
Norco,33.909121,-117.560662,100
Norco,33.908425,-117.5821314,100
Norco,33.89965900000001,-117.559111,100
North Highlands,38.6904116,-121.3829823,100
North Highlands,38.6544172,-121.3823492,100
North Hills,34.2285675,-118.4855797,100
North Hills,34.22805,-118.467996,100
North Hollywood,34.1522123,-118.3611268,100
North Hollywood,34.1648973,-118.3621246,100
North Hollywood,34.1724781,-118.3728079,100
North Hollywood,34.1645529,-118.3786571,100
North Hollywood,34.1503942,-118.3782812,100
North Hollywood,34.1568145,-118.3782144,100
North Hollywood,34.1401856,-118.3792302,100
North Hollywood,34.1718758,-118.3868316,100
North Hollywood,34.1939632,-118.3956138,100
North Hollywood,34.1717478,-118.4045883,100
North Hollywood,34.1866983,-118.4045583,100
North Hollywood,34.1943318,-118.4133442,100
North Hollywood,34.2007633,-118.4222416,100
North Hollywood,34.1681986,-118.3966445,100
North Hollywood,34.17188770000001,-118.3611314,100
North Hollywood,34.1795083,-118.3964245,100
North Hollywood,34.186129,-118.3702954,100
North Hollywood,34.1911207,-118.3881104,100
North Hollywood,34.1937092,-118.3698842,100
North Hollywood,34.2081445,-118.3873106,100
Northridge,34.2577422,-118.5233244,100
Northridge,34.2741608,-118.5570759,100
Northridge,34.2361762,-118.5029517,100
Northridge,34.2207347,-118.5352626,100
Northridge,34.2423872,-118.536942,100
Northridge,34.2201628,-118.5455878,100
Northridge,34.2202172,-118.5185905,100
Northridge,34.2284931,-118.56273,100
Northridge,34.2290879,-118.527807,100
Norwalk,33.90173800000001,-118.106077,100
Norwalk,33.887188,-118.10029,100
Norwalk,33.922714,-118.099632,100
Norwalk,33.9165615,-118.0885033,100
Norwalk,33.917305,-118.0693506,100
Norwalk,33.895357,-118.0825487,100
Novato,38.077755,-122.551608,100
Novato,38.100459,-122.5750003,100
Oakdale,37.761528,-120.859869,100
Oakdale,37.7681262,-120.8433699,100
Oakland,37.812415,-122.261341,100
Oakland,37.799508,-122.213989,100
Oakland,37.773059,-122.23554,100
Oakland,37.8141847,-122.2457543,100
Oakland,37.8286791,-122.2555408,100
Oakland,37.827725,-122.25115,100
Oakland,37.77227,-122.215422,100
Oakland,37.785399,-122.189877,100
Oakland,37.834671900000004,-122.2121825,100
Oakley,37.9982356,-121.7321377,100
Oceanside,33.1753364,-117.3627584,100
Oceanside,33.208377,-117.3592927,100
Oceanside,33.1951054,-117.2877501,100
Oceanside,33.1865452,-117.3286645,100
Oceanside,33.18117100000001,-117.296789,100
Oceanside,33.2272063,-117.3260609,100
Oceanside,33.2376334,-117.2979262,100
Oceanside,33.254521,-117.3000159,100
Oceanside,33.1843306,-117.3672284,100
Oildale,35.4348445,-119.0208931,100
Oildale,35.417527,-119.038724,100
Ontario,34.0775085,-117.6706753,100
Ontario,34.0771996,-117.6211361,100
Ontario,34.0328429,-117.5768539,100
Ontario,34.0294247,-117.6284086,100
Ontario,34.02505379999999,-117.6506307,100
Ontario,34.0203223,-117.6108961,100
Ontario,34.04756820000001,-117.5767455,100
Ontario,34.0703921,-117.6554713,100
Ontario,34.0555904,-117.6694676,100
Orange,33.8085591,-117.8534101,100
Orange,33.81539420000001,-117.8525493,100
Orange,33.7843057,-117.8677121,100
Orange,33.8418159,-117.851827,100
Orange,33.7748554,-117.8970128,100
Orange,33.7880149,-117.8062441,100
Orange,33.7992976,-117.8363485,100
Orange,33.7880125,-117.8622829,100
Orangevale,38.6896895,-121.2437023,100
Orcutt,34.865353,-120.4188989,100
Oroville,39.476956,-121.547544,100
Oroville,39.5174977,-121.535234,100
Oroville,39.522009,-121.554827,100
Oxnard,34.1897205,-119.180751,100
Oxnard,34.1979653,-119.1957287,100
Oxnard,34.219336,-119.1775938,100
Oxnard,34.1813372,-119.2083939,100
Oxnard,34.1611004,-119.1521085,100
Oxnard,34.1731948,-119.164064,100
Oxnard,34.2193427,-119.1488932,100
Pacheco,37.9829033,-122.0681033,100
Pacifica,37.629694,-122.491034,100
Pacifica,37.649416,-122.489589,100
Pacoima,34.2541745,-118.4100489,100
Pacoima,34.2646844,-118.437818,100
Pacoima,34.2639722,-118.4017659,100
Pacoima,34.2700141,-118.4170308,100
Pacoima,34.2461073,-118.4474937,100
Palm Desert,33.7218102,-116.376787,100
Palm Springs,33.845124,-116.546003,100
Palm Springs,33.8457185,-116.5280868,100
Palm Springs,33.851946,-116.5517104,100
Palmdale,34.5791323,-118.0945279,100
Palmdale,34.5737732,-118.0777032,100
Palmdale,34.5799394,-118.1162243,100
Palo Alto,37.447958,-122.161254,100
Palo Alto,37.4331546,-122.1278103,100
Panorama City,34.2209163,-118.467722,100
Paramount,33.9049209,-118.1600861,100
Paramount,33.896202,-118.143128,100
Paramount,33.8888137,-118.1509848,100
Pasadena,34.1688305,-118.0983133,100
Pasadena,34.1424564,-118.0738405,100
Pasadena,34.1462583,-118.0943342,100
Pasadena,34.1465119,-118.0736351,100
Pasadena,34.1581581,-118.1321721,100
Paso Robles,35.6386956,-120.6926463,100
Pedley,33.9781845,-117.4508278,100
Petaluma,38.2491894,-122.6265491,100
Petaluma,38.2324145,-122.6373974,100
Petaluma,38.2328953,-122.6114499,100
Petaluma,38.2344597,-122.6459548,100
Petaluma,38.2838379,-122.6674785,100
Petaluma,38.2341223,-122.6142096,100
Pico Rivera,33.961528799999996,-118.1101346,100
Pico Rivera,34.0122863,-118.0867267,100
Pico Rivera,34.0165739,-118.0783041,100
Pico Rivera,33.97972439999999,-118.0908749,100
Pico Rivera,33.9687866,-118.0975741,100
Pinole,37.9936703,-122.2850718,100
Pismo Beach,35.1366686,-120.6384191,100
Pittsburg,38.0041857,-121.8725057,100
Pittsburg,38.0057065,-121.836388,100
Pittsburg,38.036148,-121.9610513,100
Pleasant Hill,37.971302,-122.064713,100
Pleasant Hill,37.9613332,-122.0784763,100
Pleasant Hill,37.9476179,-122.0821002,100
Pleasant Hill,37.934245,-122.0738481,100
Pleasanton,37.6809726,-121.9044503,100
Pleasanton,37.6769484,-121.8763144,100
Pomona,34.0481699,-117.7366649,100
Pomona,34.06998129999999,-117.7589575,100
Pomona,34.0540501,-117.7730515,100
Pomona,34.0709087,-117.7782123,100
Pomona,34.0761433,-117.7197561,100
Pomona,34.0794216,-117.7417414,100
Pomona,34.044482,-117.802439,100
Pomona,34.1067217,-117.737251,100
Pomona,34.0623127,-117.7362101,100
Pomona,34.055705,-117.7409497,100
Pomona,34.0670585,-117.7191998,100
Poway,32.9522152,-117.0629478,100
Poway,32.961697,-117.062908,100
Poway,32.956632,-117.0233951,100
Rancho Cordova,38.583369,-121.308891,100
Rancho Cordova,38.6051212,-121.2717362,100
Rancho Cordova,38.6149608,-121.2687875,100
Rancho Cucamonga,34.1375362,-117.5763676,100
Rancho Cucamonga,34.110091,-117.576368,100
Rancho Cucamonga,34.1059825,-117.5493277,100
Rancho Cucamonga,34.078701,-117.558744,100
Rancho Palos Verdes,33.7795567,-118.3909836,100
Rancho Palos Verdes,33.7491379,-118.40723,100
Redding,40.586505700000004,-122.3985896,100
Redding,40.577413,-122.412542,100
Redlands,34.06979440000001,-117.1987725,100
Redlands,34.0560368,-117.1569106,100
Redlands,34.0624797,-117.209121,100
Redondo Beach,33.8689624,-118.383022,100
Redondo Beach,33.839128,-118.3757445,100
Redondo Beach,33.8586342,-118.3701492,100
Redondo Beach,33.8732197,-118.3640237,100
Redwood City,37.4871628,-122.2214517,100
Redwood City,37.5263915,-122.2835379,100
Redwood City,37.4712486,-122.223556,100
Redwood City,37.48166140000001,-122.1991817,100
Reedley,36.6000495,-119.4582538,100
Reseda,34.2080435,-118.5190319,100
Reseda,34.1866434,-118.5365118,100
Reseda,34.2016263,-118.5442358,100
Reseda,34.2083861,-118.5512028,100
Reseda,34.2009914,-118.5615887,100
Reseda,34.1938095,-118.5613902,100
Reseda,34.1936502,-118.5357562,100
Reseda,34.1932032,-118.5534843,100
Reseda,34.2002323,-118.5273464,100
Reseda,34.2081596,-118.5364241,100
Rialto,34.121821,-117.396153,100
Rialto,34.132872,-117.369802,100
Rialto,34.106333,-117.374418,100
Rialto,34.0893359,-117.3695439,100
Rialto,34.121726,-117.383034,100
Rialto,34.077422,-117.388718,100
Richmond,37.935145,-122.345189,100
Rio Linda,38.6835435,-121.4574013,100
Riverside,33.8954533,-117.4906076,100
Riverside,33.8827697,-117.3667432,100
Riverside,33.977114,-117.339503,100
Riverside,33.9232517,-117.4918054,100
Riverside,33.9459169,-117.4012024,100
Riverside,33.9457902,-117.4009018,100
Riverside,33.9339075,-117.4548003,100
Riverside,33.8833867,-117.4438924,100
Riverside,33.9226313,-117.4271011,100
Riverside,33.9192449,-117.447814,100
Rocklin,38.810834,-121.2827168,100
Rocklin,38.8062377,-121.2045819,100
Rocklin,38.7809007,-121.2420683,100
Rocklin,38.7954188,-121.2649461,100
Rocklin,38.79597,-121.2893884,100
Rohnert Park,38.335621,-122.676326,100
Rosemead,34.069459,-118.090162,100
Rosemead,34.0621891,-118.1077908,100
Rosemead,34.0863846,-118.07755,100
Roseville,38.7731029,-121.2652303,100
Roseville,38.726945,-121.250967,100
Roseville,38.7516229,-121.2878563,100
Roseville,38.74894,-121.270392,100
Roseville,38.7504295,-121.2642359,100
Roseville,38.7287954,-121.2927394,100
Roseville,38.7358611,-121.2910965,100
Roseville,38.794816,-121.313102,100
Rowland Heights,33.976148,-117.909411,100
Sacramento,38.5168068,-121.5171695,100
Sacramento,38.5890119,-121.40108,100
Sacramento,38.5789453,-121.4883045,100
Sacramento,38.620064,-121.418837,100
Sacramento,38.61051700000001,-121.415671,100
Sacramento,38.610955,-121.4750945,100
Sacramento,38.5956307,-121.4020559,100
Sacramento,38.5617941,-121.33543,100
Sacramento,38.6283839,-121.382594,100
Sacramento,38.6612288,-121.3464225,100
Sacramento,38.5257939,-121.3914967,100
Sacramento,38.6691272,-121.3360371,100
Sacramento,38.5256885,-121.3710029,100
Sacramento,38.4743248,-121.4364294,100
Sacramento,38.6700232,-121.3614942,100
Sacramento,38.5467713,-121.4380683,100
Sacramento,38.4688324,-121.4261914,100
Sacramento,38.55722859999999,-121.4105173,100
Sacramento,38.4821685,-121.3906893,100
Sacramento,38.5616959,-121.359044,100
Sacramento,38.5472954,-121.3574203,100
Salida,37.709236,-121.083116,100
Salinas,36.6633849,-121.6294183,100
Salinas,36.702069,-121.652979,100
Salinas,36.7148651,-121.6238369,100
Salinas,36.7233644,-121.6558946,100
Salinas,36.6052785,-121.6959871,100
Salinas,36.6672378,-121.6458514,100
Salinas,36.6685008,-121.6276992,100
Salinas,36.6823086,-121.6221132,100
Salinas,36.668693,-121.655286,100
San Bernardino,34.1688655,-117.3163197,100
San Bernardino,34.066269,-117.278348,100
San Bernardino,34.1356169,-117.2877712,100
San Bernardino,34.1379249,-117.2353886,100
San Bernardino,34.1439452,-117.251957,100
San Bernardino,34.144365,-117.279011,100
San Bernardino,34.121579,-117.2901817,100
San Bernardino,34.1917566,-117.3605948,100
San Bernardino,34.1643699,-117.2846597,100
San Bernardino,34.079957,-117.293746,100
San Bernardino,34.091781,-117.27831,100
San Bernardino,34.1356691,-117.3005956,100
San Bruno,37.6263082,-122.409902,100
San Bruno,37.630944,-122.4371,100
San Bruno,37.623805,-122.429363,100
San Carlos,37.5095602,-122.2611309,100
San Clemente,33.4204878,-117.6078801,100
San Clemente,33.432513900000004,-117.6316875,100
San Clemente,33.4149584,-117.6002311,100
San Clemente,33.4296913,-117.615621,100
San Diego,32.7158455,-117.1600043,100
San Diego,32.7160687,-117.1630603,100
San Diego,32.784436,-117.110133,100
San Diego,32.8212408,-117.0985679,100
San Diego,32.9254515,-117.1434167,100
San Diego,32.9454439,-117.0844207,100
San Diego,32.7159053,-117.1542739,100
San Diego,32.7115294,-117.1537434,100
San Diego,32.750145,-117.163234,100
San Diego,32.5741066,-117.0537241,100
San Diego,32.9514716,-117.1077804,100
San Diego,32.7982987,-117.245949,100
San Diego,32.9625256,-117.0921296,100
San Diego,32.9699775,-117.1616393,100
San Diego,32.9775612,-117.0896337,100
San Diego,32.7206934,-117.1664822,100
San Diego,33.0050695,-117.0907472,100
San Diego,32.7487266,-117.1492774,100
San Diego,32.722394,-117.158825,100
San Diego,32.722479,-117.169599,100
San Diego,33.0180551,-117.0754631,100
San Diego,33.02344,-117.082679,100
San Diego,32.723278,-117.108044,100
San Diego,32.564638,-117.0785044,100
San Diego,32.7304179,-117.2247888,100
San Diego,32.5833313,-117.0931259,100
San Diego,32.7994214,-117.2342184,100
San Diego,32.7550822,-117.1439431,100
San Diego,32.7278385,-117.1292745,100
San Diego,32.751962,-117.246994,100
San Diego,32.8026638,-117.2277336,100
San Diego,32.5834852,-117.0846973,100
San Diego,32.7460683,-117.2003588,100
San Diego,32.7487398,-117.1384264,100
San Diego,32.7158042,-117.1406834,100
San Diego,32.5764696,-117.079535,100
San Diego,32.5532963,-116.942204,100
San Diego,32.8058569,-117.218589,100
San Diego,32.752013,-117.2267204,100
San Diego,32.757073,-117.129827,100
San Diego,32.797018,-117.193529,100
San Diego,32.7386134,-117.1005966,100
San Diego,32.7529929,-117.206281,100
San Diego,32.7486945,-117.1261893,100
San Diego,32.7502717,-117.2096285,100
San Diego,32.804724,-117.1395988,100
San Diego,32.7636294,-117.1191585,100
San Diego,32.7461788,-117.058902,100
San Diego,32.7466557,-117.1618361,100
San Diego,32.816842,-117.155162,100
San Diego,32.817105,-117.180295,100
San Diego,32.753556,-117.2234282,100
San Diego,32.7096424,-117.1564501,100
San Diego,32.7437384,-117.2352702,100
San Diego,32.738961,-117.160649,100
San Diego,32.794277,-117.255019,100
San Diego,32.803012,-117.216298,100
San Diego,32.7627503,-117.1285701,100
San Diego,32.755726,-117.092502,100
San Diego,32.7487598,-117.0827169,100
San Diego,32.8056077,-117.2543759,100
San Diego,32.7912648,-117.0825791,100
San Diego,32.771827,-117.069602,100
San Diego,32.710703,-117.159824,100
San Diego,32.7651749,-117.1974126,100
San Diego,32.757553,-117.083328,100
San Diego,32.716569,-117.1595489,100
San Diego,32.7167658,-117.167726,100
San Diego,32.7256687,-117.1681955,100
San Diego,32.790125,-117.097321,100
San Diego,32.7667553,-117.0568018,100
San Diego,32.7735234,-117.1749734,100
San Diego,32.7682935,-117.0472291,100
San Diego,32.8061918,-117.0800676,100
San Diego,32.803399,-117.04611,100
San Diego,32.7933382,-117.1561076,100
San Diego,32.832362,-117.152855,100
San Diego,32.821385,-117.154656,100
San Diego,32.9048563,-117.1454034,100
San Diego,32.5669233,-116.9631144,100
San Diego,32.800444,-117.013825,100
San Diego,32.830942,-117.131577,100
San Diego,32.8078519,-117.121928,100
San Diego,32.5531794,-116.9371465,100
San Diego,32.9619088,-117.117409,100
San Dimas,34.122234,-117.794523,100
San Fernando,34.2912919,-118.4483818,100
San Fernando,34.2908647,-118.4302526,100
San Francisco,37.7607091,-122.5056076,100
San Francisco,37.7265644,-122.4649889,100
San Francisco,37.7895975,-122.4042789,100
San Francisco,37.7123128,-122.4030922,100
San Francisco,37.7924223,-122.4010728,100
San Francisco,37.742666,-122.490045,100
San Francisco,37.807945,-122.4139688,100
San Francisco,37.7098363,-122.4579336,100
San Francisco,37.7421328,-122.4226266,100
San Francisco,37.7611388,-122.4325996,100
San Francisco,37.7943827,-122.3968165,100
San Francisco,37.780882,-122.474169,100
San Francisco,37.7890548,-122.4089834,100
San Francisco,37.7897319,-122.4010798,100
San Francisco,37.7872086,-122.4008958,100
San Francisco,37.7883037,-122.4031668,100
San Francisco,37.7838679,-122.4058444,100
San Gabriel,34.098788,-118.09133,100
San Gabriel,34.1234134,-118.0730593,100
San Gabriel,34.102646,-118.111594,100
San Gabriel,34.0447861,-118.0995216,100
San Jacinto,33.8032932,-116.9725976,100
San Jacinto,33.7734849,-116.959278,100
San Jose,37.3924074,-121.8433434,100
San Jose,37.331867,-121.8529111,100
San Jose,37.300854,-121.932115,100
San Jose,37.3621927,-121.909598,100
San Jose,37.297876,-121.983738,100
San Jose,37.2464873,-121.8907939,100
San Jose,37.25924759999999,-121.8914687,100
San Jose,37.3102848,-121.9160877,100
San Jose,37.3509037,-121.8143412,100
San Jose,37.2976579,-121.9498449,100
San Jose,37.2612439,-121.9255858,100
San Jose,37.3903713,-121.8789537,100
San Jose,37.2537403,-121.9025549,100
San Jose,37.352134,-121.8580212,100
San Jose,37.270036,-121.907386,100
San Jose,37.3589514,-121.8608011,100
San Jose,37.3415921,-121.8869916,100
San Jose,37.2757848,-121.9228763,100
San Jose,37.3437072,-121.8367107,100
San Jose,37.310462,-121.931082,100
San Jose,37.2888623,-121.8810039,100
San Jose,37.3193148,-121.823352,100
San Jose,37.3244783,-121.7969275,100
San Jose,37.336957,-121.876413,100
San Jose,37.3700593,-121.8423229,100
San Jose,37.294716,-121.834075,100
San Jose,37.301896,-121.950815,100
San Jose,37.350603,-121.797571,100
San Jose,37.3758491,-121.8361652,100
San Jose,37.322871,-121.9601914,100
San Jose,37.30880399999999,-121.966992,100
San Jose,37.2839508,-121.8340159,100
San Jose,37.3326413,-121.8800941,100
San Jose,37.188413,-121.709638,100
San Jose,37.2804905,-121.8229931,100
San Jose,37.3404633,-121.8804403,100
San Jose,37.321626,-121.984159,100
San Jose,37.2648864,-121.865164,100
San Jose,37.319874,-121.970795,100
San Jose,37.3091233,-121.9928698,100
San Jose,37.262539,-121.8129271,100
San Jose,37.3247276,-121.8668107,100
San Jose,37.2326962,-121.9035542,100
San Jose,37.320044,-121.898098,100
San Jose,37.30772,-121.84691720000001,100
San Jose,37.2399429,-121.850793,100
San Jose,37.2510717,-121.8422657,100
San Jose,37.3295615,-121.9497505,100
San Jose,37.3291559,-121.8715884,100
San Jose,37.3092058,-121.9506673,100
San Jose,37.3726282,-121.8725084,100
San Juan Capistrano,33.519859,-117.666836,100
San Leandro,37.7220885,-122.1680573,100
San Leandro,37.6910189,-122.152891,100
San Leandro,37.7150702,-122.1423739,100
San Leandro,37.7018142,-122.1300694,100
San Leandro,37.703952,-122.125871,100
San Leandro,37.7042099,-122.1170417,100
San Leandro,37.6954193,-122.1031619,100
San Leandro,37.7336573,-122.1629462,100
San Lorenzo,37.6862489,-122.1303783,100
San Lorenzo,37.6820428,-122.1381186,100
San Lorenzo,37.674776,-122.122834,100
San Luis Obispo,35.2841859,-120.6567401,100
San Luis Obispo,35.2914198,-120.6600812,100
San Luis Obispo,35.2780324,-120.6643654,100
San Marcos,33.150953,-117.193816,100
San Marcos,33.131627,-117.207658,100
San Marcos,33.1069587,-117.2217923,100
San Marcos,33.1444773,-117.1621857,100
San Marcos,33.145386,-117.149679,100
San Marcos,33.1374849,-117.1786852,100
San Mateo,37.5301952,-122.2876296,100
San Mateo,37.573534,-122.334446,100
San Mateo,37.567003,-122.319343,100
San Mateo,37.55478799999999,-122.303095,100
San Pablo,37.9679834,-122.3442743,100
San Pedro,33.7430042,-118.2922409,100
San Pedro,33.7584269,-118.292483,100
San Pedro,33.724354,-118.314965,100
San Pedro,33.727234,-118.288255,100
San Pedro,33.7363224,-118.2927117,100
San Rafael,38.005775,-122.518582,100
San Rafael,37.9705491,-122.5302414,100
San Rafael,37.9642651,-122.5086535,100
San Ramon,37.7736834,-121.9743685,100
San Ramon,37.7248113,-121.9343903,100
San Ysidro,32.5540944,-117.0478049,100
San Ysidro,32.5587092,-117.044081,100
San Ysidro,32.545733,-117.039255,100
San Ysidro,32.5468573,-117.0339488,100
Sanger,36.706654,-119.564727,100
Santa Ana,33.7348228,-117.8855324,100
Santa Ana,33.7445647,-117.9196036,100
Santa Ana,33.7335929,-117.8563649,100
Santa Ana,33.7599162,-117.8761555,100
Santa Ana,33.7162971,-117.8875139,100
Santa Ana,33.7004874,-117.8879276,100
Santa Ana,33.7079436,-117.8501841,100
Santa Ana,33.7604764,-117.8348299,100
Santa Ana,33.7167451,-117.8505987,100
Santa Ana,33.7729127,-117.8528171,100
Santa Ana,33.7345252,-117.9058346,100
Santa Ana,33.7081091,-117.8682895,100
Santa Ana,33.7597728,-117.864861,100
Santa Ana,33.7483379,-117.852237,100
Santa Ana,33.7594531,-117.8761567,100
Santa Ana,33.74505510000001,-117.8767748,100
Santa Ana,33.7267812,-117.8769528,100
Santa Ana,33.753071,-117.920718,100
Santa Barbara,34.4013252,-119.722748,100
Santa Barbara,34.4107903,-119.6969613,100
Santa Barbara,34.440708,-119.737845,100
Santa Clara,37.3517507,-121.9645209,100
Santa Clara,37.3471839,-121.9510532,100
Santa Clara,37.3605267,-121.9963732,100
Santa Clara,37.3613764,-121.9591085,100
Santa Clara,37.3461609,-121.9782802,100
Santa Clara,37.343257,-121.940589,100
Santa Clara,37.3303309,-121.9634909,100
Santa Clara,37.3455817,-121.9942071,100
Santa Clara,37.3664005,-121.9951483,100
Santa Clara,37.3880595,-121.9539715,100
Santa Clara,37.351808,-121.941079,100
Santa Clara,37.338495,-121.9924234,100
Santa Clarita,34.4372394,-118.5642669,100
Santa Clarita,34.4506543,-118.4969543,100
Santa Cruz,36.989275,-121.979791,100
Santa Cruz,36.976178,-122.0500094,100
Santa Cruz,36.9602531,-122.0489426,100
Santa Cruz,36.96343950000001,-121.9734257,100
Santa Cruz,36.9730459,-122.018422,100
Santa Cruz,36.96894899999999,-122.029703,100
Santa Fe Springs,33.94218499999999,-118.05104,100
Santa Fe Springs,33.9021101,-118.029432,100
Santa Maria,34.963024,-120.4361101,100
Santa Maria,34.940876,-120.453416,100
Santa Maria,34.938767,-120.436903,100
Santa Maria,34.9724707,-120.4350958,100
Santa Maria,34.9251291,-120.4366116,100
Santa Maria,34.949607,-120.424409,100
Santa Monica,34.0255259,-118.4831762,100
Santa Monica,34.0127073,-118.4830551,100
Santa Monica,34.0210438,-118.4959022,100
Santa Rosa,38.4343081,-122.6993029,100
Santa Rosa,38.4688169,-122.7435564,100
Santa Rosa,38.421275,-122.717646,100
Santa Rosa,38.452113,-122.750844,100
Santa Rosa,38.4599583,-122.7406083,100
Santa Rosa,38.412856,-122.712674,100
Santa Rosa,38.4275896,-122.667396,100
Santa Rosa,38.430361,-122.724884,100
Santa Rosa,38.4641546,-122.6652108,100
Santa Rosa,38.45787,-122.671875,100
Santee,32.8388174,-116.9671027,100
Santee,32.8382076,-117.0003643,100
Santee,32.8454925,-116.9978351,100
Santee,32.8550417,-116.9832137,100
Santee,32.831012,-116.983315,100
Saugus,34.433876,-118.531972,100
Saugus,34.4456611,-118.5063842,100
Sausalito,37.8503483,-122.4856247,100
Scotts Valley,37.047929,-122.032439,100
Seal Beach,33.7427,-118.099879,100
Seaside,36.6029416,-121.8482569,100
Seaside,36.6061085,-121.8471794,100
Seaside,36.613506,-121.841884,100
Sebastopol,38.399221,-122.8394121,100
Sepulveda,34.235857,-118.472175,100
Sepulveda,34.2212437,-118.5016886,100
Sepulveda,34.2436952,-118.4673893,100
Sherman Oaks,34.1507425,-118.4230602,100
Sherman Oaks,34.1491747,-118.4356841,100
Signal Hill,33.7898622,-118.1589858,100
Simi Valley,34.266475,-118.7962782,100
Simi Valley,34.2789134,-118.7627115,100
Simi Valley,34.2713172,-118.7305057,100
Simi Valley,34.2611982,-118.7481684,100
Simi Valley,34.2786346,-118.744512,100
Simi Valley,34.278669,-118.718227,100
Simi Valley,34.2713035,-118.6779734,100
Sonoma,38.3117924,-122.492303,100
Sonoma,38.2924859,-122.460952,100
South El Monte,34.0515795,-118.036833,100
South El Monte,34.04067,-118.036618,100
South El Monte,34.0630533,-118.0659765,100
South Gate,33.91668500000001,-118.168589,100
South Gate,33.9603576,-118.2047847,100
South Gate,33.9434001,-118.1948393,100
South Gate,33.9521283,-118.182734,100
South Gate,33.947212,-118.213641,100
South Laguna,33.4911811,-117.73238979999999,100
South Lake Tahoe,38.92663599999999,-119.98363,100
South Lake Tahoe,38.9527375,-119.9466846,100
South Lake Tahoe,38.91751300000001,-120.011352,100
South San Francisco,37.6610956,-122.4379988,100
South San Francisco,37.653694,-122.400787,100
South San Francisco,37.64291600000001,-122.462616,100
South San Francisco,37.6496627,-122.4689549,100
South San Francisco,37.6490818,-122.4300564,100
Spring Valley,32.7471839,-116.9784041,100
Spring Valley,32.697796,-117.0182677,100
Spring Valley,32.7143685,-117.0170689,100
Spring Valley,32.729537,-116.961382,100
Spring Valley,32.7364804,-117.0068183,100
Spring Valley,32.7075003,-116.9977963,100
Spring Valley,32.714653,-116.997733,100
Stanton,33.810464,-117.993617,100
Stanton,33.8096417,-118.0102077,100
Stanton,33.7805739,-117.9936089,100
Stockton,37.9643519,-121.336973,100
Stockton,38.0042352,-121.352417,100
Stockton,38.020946,-121.35648,100
Stockton,37.9867984,-121.3212953,100
Stockton,37.9840549,-121.3402675,100
Stockton,37.90429,-121.221078,100
Stockton,38.0191391,-121.3242112,100
Stockton,38.033285,-121.336295,100
Studio City,34.141165,-118.3709591,100
Suisun City,38.24411,-122.017226,100
Suisun City,38.2496427,-122.0200015,100
Sun Valley,34.2325771,-118.4033344,100
Sun Valley,34.2086795,-118.3699239,100
Sun Valley,34.223124,-118.387437,100
Sun Valley,34.224579,-118.366035,100
Sunland,34.2600958,-118.3154755,100
Sunland,34.2603862,-118.3236873,100
Sunland,34.246753,-118.357196,100
Sunnyvale,37.3828156,-122.0454382,100
Sunnyvale,37.372393,-122.048801,100
Sunnyvale,37.3586054,-122.0328783,100
Sunnyvale,37.3922432,-121.9942522,100
Sunnyvale,37.3885503,-122.0283796,100
Sunnyvale,37.3675349,-122.022136,100
Sunnyvale,37.3915091,-122.0137897,100
Sunnyvale,37.3516796,-122.0164178,100
Sunnyvale,37.370185,-122.0143392,100
Sunset Beach,33.716276,-118.070052,100
Sylmar,34.2932047,-118.4158921,100
Sylmar,34.3025483,-118.4364543,100
Sylmar,34.3154608,-118.4413941,100
Taft,35.1502842,-119.4558146,100
Tarzana,34.1722654,-118.5620389,100
Tarzana,34.1724477,-118.5360629,100
Temecula,33.524577,-117.161386,100
Temecula,33.4819816,-117.0928339,100
Temecula,33.4790601,-117.1386587,100
Temple City,34.0895269,-118.057304,100
Temple City,34.1132845,-118.0733839,100
Thousand Oaks,34.1771573,-118.8505679,100
Thousand Oaks,34.186217,-118.874299,100
Thousand Oaks,34.1866534,-118.9257224,100
Torrance,33.880364,-118.3260798,100
Torrance,33.8314905,-118.3089442,100
Torrance,33.8163012,-118.3095359,100
Torrance,33.8651447,-118.3442386,100
Torrance,33.8490752,-118.3622663,100
Torrance,33.848272,-118.3541697,100
Torrance,33.8450828,-118.3093675,100
Torrance,33.8205351,-118.3200473,100
Torrance,33.8229213,-118.3516667,100
Torrance,33.8121488,-118.3285335,100
Torrance,33.8732705,-118.3347787,100
Torrance,33.8417196,-118.3527356,100
Torrance,33.8187103,-118.35027,100
Tracy,37.7536366,-121.4599398,100
Tracy,37.723082,-121.532254,100
Tracy,37.754196,-121.4325446,100
Truckee,39.32607429999999,-120.1771743,100
Truckee,39.3264246,-120.2100459,100
Tujunga,34.246288,-118.276528,100
Turlock,37.5158059,-120.8484125,100
Turlock,37.4881459,-120.8494628,100
Tustin,33.73952,-117.82009,100
Tustin,33.7320994,-117.8162355,100
Tustin,33.7327353,-117.8268606,100
Tustin,33.741744,-117.839113,100
Tustin,33.7341709,-117.8367178,100
Tustin,33.7452452,-117.8301911,100
Twain Harte,38.03836099999999,-120.230081,100
Twentynine Palms,34.1359349,-116.053672,100
Union City,37.582769,-122.023582,100
Union City,37.5958759,-122.05406,100
Union City,37.6061646,-122.0304634,100
Upland,34.088394,-117.680568,100
Upland,34.0959231,-117.6607677,100
Upland,34.0964902,-117.6504148,100
Upland,34.099097,-117.698859,100
Upland,34.1027665,-117.6902956,100
Vacaville,38.3601625,-121.9776234,100
Vacaville,38.335778,-121.986062,100
Vacaville,38.3513204,-121.9756725,100
Vacaville,38.358676,-122.004432,100
Vacaville,38.351349,-121.9528117,100
Vacaville,38.3357223,-121.9527408,100
Vacaville,38.3556135,-121.9809604,100
Vallejo,38.0846504,-122.2316247,100
Vallejo,38.1101849,-122.2425023,100
Vallejo,38.106271,-122.2094395,100
Vallejo,38.0995802,-122.223856,100
Van Nuys,34.187015,-118.422159,100
Van Nuys,34.193665,-118.431643,100
Van Nuys,34.1793973,-118.4313339,100
Van Nuys,34.1790549,-118.439599,100
Van Nuys,34.200919,-118.440307,100
Van Nuys,34.186345,-118.446183,100
Van Nuys,34.1870552,-118.4506869,100
Van Nuys,34.193646,-118.4919597,100
Van Nuys,34.2010741,-118.5006207,100
Van Nuys,34.1935969,-118.509539,100
Van Nuys,34.1904909,-118.4480004,100
Van Nuys,34.2051909,-118.4492903,100
Van Nuys,34.2137757,-118.4479769,100
Venice,33.9975963,-118.4592898,100
Ventura,34.267614,-119.273333,100
Ventura,34.2530774,-119.203106,100
Victorville,34.5160059,-117.3130256,100
Visalia,36.3124613,-119.2923388,100
Visalia,36.319977,-119.3143369,100
Visalia,36.3261532,-119.2606532,100
Vista,33.2215065,-117.2446391,100
Vista,33.2228371,-117.2256205,100
Vista,33.167253,-117.2467293,100
Vista,33.170005,-117.211904,100
Vista,33.1328568,-117.2285614,100
Vista,33.2044462,-117.2549492,100
Vista,33.2106968,-117.232446,100
Vista,33.212038,-117.245402,100
Vista,33.1940188,-117.2337932,100
Walnut Creek,37.8936875,-122.0758614,100
Walnut Creek,37.9179862,-122.0658109,100
Walnut Creek,37.91085450000001,-122.0598219,100
Walnut Creek,37.9319235,-122.0584551,100
Walnut,34.0460587,-117.8498581,100
Watsonville,36.9166004,-121.776627,100
Watsonville,36.9149725,-121.7541998,100
Watsonville,36.9318312,-121.7868465,100
West Covina,34.0611136,-117.9453459,100
West Covina,34.050466,-117.908465,100
West Covina,34.07007370000001,-117.8898638,100
West Covina,34.07485,-117.9081885,100
West Covina,34.0022378,-117.8817727,100
West Hills,34.1932913,-118.6432158,100
West Hollywood,34.0908236,-118.3758519,100
West Hollywood,34.090516,-118.363056,100
West Los Angeles,34.0499909,-118.4354707,100
West Los Angeles,34.049675,-118.460109,100
West Los Angeles,34.0398329,-118.4629766,100
West Sacramento,38.5682777,-121.525049,100
West Sacramento,38.572851,-121.579025,100
Westminster,33.7675013,-118.0072538,100
Westminster,33.7657973,-117.9899564,100
Westminster,33.7598621,-118.0421017,100
Westminster,33.7516279,-118.006652,100
Westminster,33.7309281,-117.97262979999999,100
Westminster,33.759681,-118.033625,100
Westminster,33.7594473,-118.0156382,100
Westminster,33.7594698,-117.9813687,100
Westminster,33.7233028,-117.9804642,100
Westminster,33.7452454,-117.9718381,100
Whittier,33.9429531,-118.0283229,100
Whittier,33.9921466,-118.0671636,100
Whittier,33.9223098,-118.0296088,100
Whittier,33.9793303,-118.0425318,100
Whittier,33.9174104,-118.0544329,100
Whittier,33.9347521,-118.0122847,100
Whittier,33.9679971,-118.0378709,100
Whittier,33.9689341,-118.0711101,100
Whittier,33.963706,-118.045391,100
Whittier,33.949139,-118.046877,100
Wildomar,33.5942557,-117.2470188,100
Wilmington,33.7914732,-118.263736,100
Wilmington,33.791007,-118.2467588,100
Wilmington,33.7910101,-118.2516616,100
Winnetka,34.200688,-118.575009,100
Woodland Hills,34.166134,-118.58914,100
Woodland Hills,34.18084,-118.606682,100
Woodland Hills,34.1690991,-118.6149691,100
Woodland Hills,34.1654776,-118.6236071,100
Woodland,38.67744,-121.7643692,100
Woodland,38.6786839,-121.79293,100
Yorba Linda,33.898876,-117.829058,100
Yorba Linda,33.8884999,-117.8108395,100
Yorba Linda,33.888518,-117.789673,100
Yuba City,39.1123457,-121.6278121,100
Yuba City,39.1485786,-121.6442757,100
Yuba City,39.135188,-121.614859,100
Yuba City,39.152118,-121.625431,100
Yuba City,39.1443106,-121.6141216,100
Yucaipa,34.0349995,-117.0344542,100
Yucaipa,34.033577,-117.095771,100
Yucaipa,34.0335594,-117.0719531,100
Yucca Valley,34.1352156,-116.3870972,100
